Timestamp,Temperature,Humidity,Annotation
2023-07-05 00:05:00,27.63,45.47,0.0
2023-07-05 00:10:00,27.58,45.2,0.0
2023-07-05 00:15:00,27.44,44.34,0.0
2023-07-05 00:20:00,27.35,43.95,0.0
2023-07-05 00:25:00,27.24,43.49,0.0
2023-07-05 00:30:00,27.1,43.15,0.0
2023-07-05 00:35:00,26.85,43.33,0.0
2023-07-05 00:40:00,26.55,43.3,0.0
2023-07-05 00:45:00,26.35,44.1,0.0
2023-07-05 00:50:00,26.2,44.88,0.0
2023-07-05 00:55:00,26.02,45.03,0.0
2023-07-05 01:00:00,25.81,44.99,0.0
2023-07-05 01:05:00,25.6,45.12,0.99
2023-07-05 01:10:00,25.43,44.85,1.49
2023-07-05 01:15:00,25.33,45.44,1.5
2023-07-05 01:20:00,25.3,45.53,0.98
2023-07-05 01:25:00,25.38,45.49,0.0
2023-07-05 01:30:00,25.4,45.33,0.0
2023-07-05 01:35:00,25.47,45.0,0.0
2023-07-05 01:40:00,25.47,45.04,0.0
2023-07-05 01:45:00,25.42,45.08,0.0
2023-07-05 01:50:00,25.36,45.27,0.0
2023-07-05 01:55:00,25.29,45.11,0.0
2023-07-05 02:00:00,25.2,45.28,0.0
2023-07-05 02:05:00,25.12,45.13,0.0
2023-07-05 02:10:00,25.08,45.24,0.0
2023-07-05 02:15:00,25.0,45.16,0.0
2023-07-05 02:20:00,25.0,45.04,0.77
2023-07-05 02:25:00,25.08,44.76,1.51
2023-07-05 02:30:00,25.27,44.4,1.52
2023-07-05 02:35:00,25.45,44.33,1.51
2023-07-05 02:40:00,25.74,44.02,0.55
2023-07-05 02:45:00,26.0,43.66,0.0
2023-07-05 02:50:00,26.26,43.13,0.0
2023-07-05 02:55:00,26.4,42.7,0.0
2023-07-05 03:00:00,26.4,42.43,0.0
2023-07-05 03:05:00,26.4,42.02,0.0
2023-07-05 03:10:00,26.4,41.75,0.0
2023-07-05 03:15:00,26.38,41.56,0.0
2023-07-05 03:20:00,26.3,41.56,0.0
2023-07-05 03:25:00,26.23,41.57,0.0
2023-07-05 03:30:00,26.09,41.61,0.89
2023-07-05 03:35:00,25.98,41.89,1.54
2023-07-05 03:40:00,25.91,42.3,1.53
2023-07-05 03:45:00,25.96,42.56,1.36
2023-07-05 03:50:00,26.09,42.58,0.0
2023-07-05 03:55:00,26.18,42.47,0.0
2023-07-05 04:00:00,26.35,42.11,0.0
2023-07-05 04:05:00,26.4,41.92,0.0
2023-07-05 04:10:00,26.38,41.84,0.0
2023-07-05 04:15:00,26.3,41.79,0.0
2023-07-05 04:20:00,26.24,41.87,0.0
2023-07-05 04:25:00,26.16,41.85,0.0
2023-07-05 04:30:00,26.07,41.79,0.0
2023-07-05 04:35:00,25.99,41.83,0.46
2023-07-05 04:40:00,25.86,42.1,1.53
2023-07-05 04:45:00,25.73,42.59,1.55
2023-07-05 04:50:00,25.67,42.95,1.56
2023-07-05 04:55:00,25.9,42.82,1.56
2023-07-05 05:00:00,26.15,42.63,0.44
2023-07-05 05:05:00,26.29,42.59,0.0
2023-07-05 05:10:00,26.3,42.55,0.0
2023-07-05 05:15:00,26.29,42.46,0.0
2023-07-05 05:20:00,26.21,42.34,0.0
2023-07-05 05:25:00,26.1,42.37,0.0
2023-07-05 05:30:00,26.01,42.46,0.0
2023-07-05 05:35:00,25.98,42.46,0.0
2023-07-05 05:40:00,25.9,42.34,0.0
2023-07-05 05:45:00,25.78,42.39,1.26
2023-07-05 05:50:00,25.55,43.06,1.59
2023-07-05 05:55:00,25.5,43.61,1.58
2023-07-05 06:00:00,25.6,43.75,1.56
2023-07-05 06:05:00,25.98,43.37,0.92
2023-07-05 06:10:00,26.02,43.57,0.0
2023-07-05 06:15:00,26.09,43.43,0.0
2023-07-05 06:20:00,26.03,43.43,0.0
2023-07-05 06:25:00,26.06,43.36,0.0
2023-07-05 06:30:00,26.17,43.24,0.0
2023-07-05 06:35:00,26.16,43.13,0.0
2023-07-05 06:40:00,26.09,43.11,0.0
2023-07-05 06:45:00,26.0,43.34,0.0
2023-07-05 06:50:00,25.96,43.72,0.0
2023-07-05 06:55:00,25.97,43.69,0.07
2023-07-05 07:00:00,26.01,44.09,1.55
2023-07-05 07:05:00,26.1,44.45,1.48
2023-07-05 07:10:00,26.28,48.62,1.24
2023-07-05 07:15:00,26.72,52.29,1.5
2023-07-05 07:20:00,27.25,52.15,0.27
2023-07-05 07:25:00,27.69,50.51,0.03
2023-07-05 07:30:00,27.86,48.48,0.03
2023-07-05 07:35:00,27.63,47.07,0.03
2023-07-05 07:40:00,27.42,48.47,0.03
2023-07-05 07:45:00,27.3,46.7,0.03
2023-07-05 07:50:00,27.49,46.05,0.03
2023-07-05 07:55:00,27.5,45.2,0.03
2023-07-05 08:00:00,27.41,44.7,0.03
2023-07-05 08:05:00,27.39,44.24,0.03
2023-07-05 08:10:00,27.34,43.78,0.03
2023-07-05 08:15:00,27.25,43.45,0.03
2023-07-05 08:20:00,27.1,42.39,0.03
2023-07-05 08:25:00,26.9,42.77,0.03
2023-07-05 08:30:00,26.79,42.83,0.03
2023-07-05 08:35:00,26.68,43.14,0.03
2023-07-05 08:40:00,26.54,43.69,1.03
2023-07-05 08:45:00,26.38,44.52,1.57
2023-07-05 08:50:00,26.26,45.21,1.56
2023-07-05 08:55:00,26.5,45.03,1.57
2023-07-05 09:00:00,26.87,44.33,1.57
2023-07-05 09:05:00,27.09,44.04,1.55
2023-07-05 09:10:00,27.17,44.18,1.54
2023-07-05 09:15:00,27.41,43.81,1.55
2023-07-05 09:20:00,27.86,43.21,1.56
2023-07-05 09:25:00,28.25,42.75,1.55
2023-07-05 09:30:00,28.59,42.34,1.53
2023-07-05 09:35:00,28.74,42.36,1.53
2023-07-05 09:40:00,28.74,42.47,1.54
2023-07-05 09:45:00,28.84,42.54,1.54
2023-07-05 09:50:00,29.22,42.4,1.53
2023-07-05 09:55:00,29.67,43.97,1.55
2023-07-05 10:00:00,30.02,45.02,0.35
2023-07-05 10:05:00,30.34,44.77,0.0
2023-07-05 10:10:00,30.49,45.25,0.0
2023-07-05 10:15:00,30.5,45.24,0.0
2023-07-05 10:20:00,30.6,45.43,0.0
2023-07-05 10:25:00,30.53,42.49,0.86
2023-07-05 10:30:00,30.35,41.99,1.54
2023-07-05 10:35:00,30.3,41.86,1.54
2023-07-05 10:40:00,30.39,41.64,1.57
2023-07-05 10:45:00,30.6,41.5,1.29
2023-07-05 10:50:00,30.84,41.32,0.0
2023-07-05 10:55:00,30.9,41.06,0.0
2023-07-05 11:00:00,30.9,40.62,0.0
2023-07-05 11:05:00,30.83,40.57,0.0
2023-07-05 11:10:00,30.66,40.37,0.62
2023-07-05 11:15:00,30.5,40.56,1.57
2023-07-05 11:20:00,30.53,40.34,1.57
2023-07-05 11:25:00,30.67,40.13,1.57
2023-07-05 11:30:00,30.94,39.95,0.68
2023-07-05 11:35:00,31.1,39.76,0.0
2023-07-05 11:40:00,31.12,39.59,0.0
2023-07-05 11:45:00,31.09,39.71,0.0
2023-07-05 11:50:00,30.96,39.94,0.0
2023-07-05 11:55:00,30.82,39.86,0.66
2023-07-05 12:00:00,30.7,40.43,1.57
2023-07-05 12:05:00,30.74,40.69,1.57
2023-07-05 12:10:00,30.9,40.96,1.57
2023-07-05 12:15:00,31.14,40.95,1.48
2023-07-05 12:20:00,31.41,40.69,0.0
2023-07-05 12:25:00,31.53,40.44,0.0
2023-07-05 12:30:00,31.51,40.34,0.0
2023-07-05 12:35:00,31.39,40.1,0.0
2023-07-05 12:40:00,31.22,39.84,0.0
2023-07-05 12:45:00,31.03,39.98,1.11
2023-07-05 12:50:00,30.93,40.37,1.57
2023-07-05 12:55:00,31.04,40.57,1.57
2023-07-05 13:00:00,31.19,40.78,1.57
2023-07-05 13:05:00,31.45,40.48,0.19
2023-07-05 13:10:00,31.58,40.17,0.0
2023-07-05 13:15:00,31.59,39.95,0.0
2023-07-05 13:20:00,31.48,39.9,0.0
2023-07-05 13:25:00,31.35,39.3,0.0
2023-07-05 13:30:00,31.19,39.39,0.32
2023-07-05 13:35:00,31.03,40.07,1.57
2023-07-05 13:40:00,31.04,40.64,1.57
2023-07-05 13:45:00,31.23,40.98,1.57
2023-07-05 13:50:00,31.53,41.21,1.25
2023-07-05 13:55:00,31.78,41.46,0.0
2023-07-05 14:00:00,31.9,41.39,0.0
2023-07-05 14:05:00,31.92,41.03,0.0
2023-07-05 14:10:00,31.87,40.73,0.0
2023-07-05 14:15:00,31.77,40.26,0.0
2023-07-05 14:20:00,31.65,40.55,0.0
2023-07-05 14:25:00,31.47,40.04,0.4
2023-07-05 14:30:00,31.34,40.2,1.57
2023-07-05 14:35:00,31.36,40.91,1.58
2023-07-05 14:40:00,31.54,40.7,1.58
2023-07-05 14:45:00,31.79,40.23,0.79
2023-07-05 14:50:00,31.98,39.71,0.0
2023-07-05 14:55:00,32.0,39.47,0.0
2023-07-05 15:00:00,31.94,39.23,0.0
2023-07-05 15:05:00,31.76,38.77,0.0
2023-07-05 15:10:00,31.56,38.88,0.0
2023-07-05 15:15:00,31.34,38.85,0.72
2023-07-05 15:20:00,31.16,39.62,1.58
2023-07-05 15:25:00,31.21,39.63,1.56
2023-07-05 15:30:00,31.47,39.66,1.55
2023-07-05 15:35:00,31.77,39.4,0.62
2023-07-05 15:40:00,31.98,39.13,0.0
2023-07-05 15:45:00,31.99,39.05,0.0
2023-07-05 15:50:00,31.9,38.89,0.0
2023-07-05 15:55:00,31.72,39.33,0.0
2023-07-05 16:00:00,31.53,41.0,0.0
2023-07-05 16:05:00,31.33,41.98,0.89
2023-07-05 16:10:00,31.27,42.99,1.58
2023-07-05 16:15:00,31.41,43.36,1.56
2023-07-05 16:20:00,31.68,43.28,0.89
2023-07-05 16:25:00,31.96,43.52,0.0
2023-07-05 16:30:00,32.0,43.2,0.0
2023-07-05 16:35:00,32.0,43.01,0.0
2023-07-05 16:40:00,31.92,42.78,0.0
2023-07-05 16:45:00,31.76,42.65,0.0
2023-07-05 16:50:00,31.57,42.55,0.0
2023-07-05 16:55:00,31.43,43.19,0.0
2023-07-05 17:00:00,31.28,43.74,1.21
2023-07-05 17:05:00,31.27,43.41,1.58
2023-07-05 17:10:00,31.42,43.1,1.56
2023-07-05 17:15:00,31.7,42.55,1.14
2023-07-05 17:20:00,31.97,41.81,0.0
2023-07-05 17:25:00,32.02,41.23,0.0
2023-07-05 17:30:00,31.97,41.85,0.0
2023-07-05 17:35:00,31.82,41.5,0.0
2023-07-05 17:40:00,31.62,41.39,0.0
2023-07-05 17:45:00,31.42,41.03,0.0
2023-07-05 17:50:00,31.22,41.07,1.03
2023-07-05 17:55:00,31.1,40.76,1.16
2023-07-05 18:00:00,31.11,40.21,0.0
2023-07-05 18:05:00,31.1,40.12,0.0
2023-07-05 18:10:00,31.06,40.09,0.0
2023-07-05 18:15:00,30.86,40.2,0.0
2023-07-05 18:20:00,30.6,40.29,0.0
2023-07-05 18:25:00,30.31,40.67,0.0
2023-07-05 18:30:00,30.05,40.77,0.0
2023-07-05 18:35:00,29.77,40.63,0.37
2023-07-05 18:40:00,29.54,41.11,1.53
2023-07-05 18:45:00,29.53,41.72,1.51
2023-07-05 18:50:00,29.73,41.4,0.3
2023-07-05 18:55:00,29.87,41.22,0.0
2023-07-05 19:00:00,29.86,41.08,0.0
2023-07-05 19:05:00,29.78,40.74,0.0
2023-07-05 19:10:00,29.53,41.01,0.0
2023-07-05 19:15:00,29.32,41.01,0.14
2023-07-05 19:20:00,29.22,40.31,0.68
2023-07-05 19:25:00,29.06,40.0,0.0
2023-07-05 19:30:00,28.86,39.88,0.0
2023-07-05 19:35:00,28.64,40.45,0.92
2023-07-05 19:40:00,28.42,41.13,0.06
2023-07-05 19:45:00,28.31,41.24,0.67
2023-07-05 19:50:00,28.32,40.86,0.22
2023-07-05 19:55:00,28.25,40.69,0.62
2023-07-05 20:00:00,28.14,41.09,0.37
2023-07-05 20:05:00,28.07,41.8,0.22
2023-07-05 20:10:00,27.96,41.91,0.0
2023-07-05 20:15:00,27.84,41.87,0.0
2023-07-05 20:20:00,27.67,41.98,0.0
2023-07-05 20:25:00,27.48,42.15,0.0
2023-07-05 20:30:00,27.26,42.64,0.0
2023-07-05 20:35:00,27.06,42.91,0.14
2023-07-05 20:40:00,26.87,43.04,0.0
2023-07-05 20:45:00,26.67,43.35,0.0
2023-07-05 20:50:00,26.46,43.64,0.0
2023-07-05 20:55:00,26.24,44.03,0.69
2023-07-05 21:00:00,26.1,44.74,1.47
2023-07-05 21:05:00,26.13,45.35,1.47
2023-07-05 21:10:00,26.44,45.26,1.5
2023-07-05 21:15:00,26.9,44.64,1.46
2023-07-05 21:20:00,27.39,44.11,1.48
2023-07-05 21:25:00,27.94,43.2,1.48
2023-07-05 21:30:00,28.38,42.92,1.48
2023-07-05 21:35:00,28.82,42.38,1.43
2023-07-05 21:40:00,29.26,42.15,1.41
2023-07-05 21:45:00,29.61,41.62,1.42
2023-07-05 21:50:00,29.89,41.36,1.34
2023-07-05 21:55:00,30.2,40.87,1.46
2023-07-05 22:00:00,30.42,40.48,1.45
2023-07-05 22:05:00,30.62,40.15,1.45
2023-07-05 22:10:00,30.82,39.89,1.45
2023-07-05 22:15:00,30.99,39.71,1.49
2023-07-05 22:20:00,31.19,39.43,1.48
2023-07-05 22:25:00,31.42,39.04,0.02
2023-07-05 22:30:00,31.4,38.88,0.0
2023-07-05 22:35:00,31.41,38.68,0.0
2023-07-05 22:40:00,31.4,38.49,1.0
2023-07-05 22:45:00,31.4,38.36,1.5
2023-07-05 22:50:00,31.32,38.25,1.5
2023-07-05 22:55:00,31.31,38.35,1.48
2023-07-05 23:00:00,31.38,38.7,1.49
2023-07-05 23:05:00,31.5,38.76,1.49
2023-07-05 23:10:00,31.65,38.69,1.48
2023-07-05 23:15:00,31.83,38.46,1.48
2023-07-05 23:20:00,32.01,38.31,1.5
2023-07-05 23:25:00,32.19,38.16,1.5
2023-07-05 23:30:00,32.36,38.01,0.76
2023-07-05 23:35:00,32.4,37.89,0.0
2023-07-05 23:40:00,32.4,37.78,0.0
2023-07-05 23:45:00,32.4,37.79,0.0
2023-07-05 23:50:00,32.37,37.82,1.36
2023-07-05 23:55:00,32.26,37.97,1.53
2023-07-06 00:05:00,32.13,38.45,1.54
2023-07-06 00:10:00,32.28,38.53,1.54
2023-07-06 00:15:00,32.42,38.53,1.08
2023-07-06 00:20:00,32.5,38.44,0.0
2023-07-06 00:25:00,32.49,38.46,0.0
2023-07-06 00:30:00,32.5,38.31,0.0
2023-07-06 00:35:00,32.5,38.24,0.81
2023-07-06 00:40:00,32.4,38.19,1.54
2023-07-06 00:45:00,32.24,38.55,1.54
2023-07-06 00:50:00,32.23,38.68,0.0
2023-07-06 00:55:00,32.21,38.48,0.0
2023-07-06 01:00:00,32.3,38.3,0.0
2023-07-06 01:05:00,32.24,38.32,0.0
2023-07-06 01:10:00,32.13,38.54,0.0
2023-07-06 01:15:00,32.0,38.49,0.0
2023-07-06 01:20:00,31.89,38.52,0.0
2023-07-06 01:25:00,31.7,38.63,0.0
2023-07-06 01:30:00,31.56,38.53,0.0
2023-07-06 01:35:00,31.4,38.42,0.0
2023-07-06 01:40:00,31.23,38.37,0.0
2023-07-06 01:45:00,31.06,38.29,0.0
2023-07-06 01:50:00,30.92,38.24,0.0
2023-07-06 01:55:00,30.71,38.31,0.0
2023-07-06 02:00:00,30.54,38.35,0.99
2023-07-06 02:05:00,30.39,38.76,1.57
2023-07-06 02:10:00,30.26,39.01,1.57
2023-07-06 02:15:00,30.24,39.42,1.57
2023-07-06 02:20:00,30.4,39.36,0.74
2023-07-06 02:25:00,30.47,39.22,0.0
2023-07-06 02:30:00,30.45,39.09,0.0
2023-07-06 02:35:00,30.49,38.95,0.0
2023-07-06 02:40:00,30.4,38.9,0.0
2023-07-06 02:45:00,30.3,38.85,0.0
2023-07-06 02:50:00,30.14,38.95,0.0
2023-07-06 02:55:00,30.01,38.99,0.12
2023-07-06 03:00:00,29.87,39.12,1.58
2023-07-06 03:05:00,29.73,39.29,1.59
2023-07-06 03:10:00,29.71,39.51,1.58
2023-07-06 03:15:00,29.83,39.68,1.52
2023-07-06 03:20:00,29.97,39.69,0.0
2023-07-06 03:25:00,29.92,39.82,0.0
2023-07-06 03:30:00,29.92,39.89,0.0
2023-07-06 03:35:00,30.0,39.79,0.0
2023-07-06 03:40:00,30.0,39.52,0.0
2023-07-06 03:45:00,29.88,39.42,0.0
2023-07-06 03:50:00,29.77,39.31,0.42
2023-07-06 03:55:00,29.65,39.48,1.6
2023-07-06 04:00:00,29.52,39.69,1.59
2023-07-06 04:05:00,29.54,39.81,1.6
2023-07-06 04:10:00,29.67,39.88,1.6
2023-07-06 04:15:00,29.86,39.76,0.0
2023-07-06 04:20:00,29.84,39.72,0.0
2023-07-06 04:25:00,29.88,39.57,0.0
2023-07-06 04:30:00,29.87,39.44,0.0
2023-07-06 04:35:00,29.8,39.4,0.0
2023-07-06 04:40:00,29.8,39.41,0.0
2023-07-06 04:45:00,29.67,39.58,1.36
2023-07-06 04:50:00,29.6,39.75,1.56
2023-07-06 04:55:00,29.61,39.82,1.57
2023-07-06 05:00:00,29.78,39.7,1.03
2023-07-06 05:05:00,29.91,39.52,0.0
2023-07-06 05:10:00,29.9,39.56,0.0
2023-07-06 05:15:00,29.8,39.71,0.0
2023-07-06 05:20:00,29.6,40.07,0.0
2023-07-06 05:25:00,29.5,40.26,0.0
2023-07-06 05:30:00,29.54,40.19,0.23
2023-07-06 05:35:00,29.48,40.38,1.56
2023-07-06 05:40:00,29.29,40.96,1.6
2023-07-06 05:45:00,29.34,41.2,1.6
2023-07-06 05:50:00,29.65,40.61,1.42
2023-07-06 05:55:00,29.97,40.51,0.0
2023-07-06 06:00:00,29.96,40.85,0.0
2023-07-06 06:05:00,29.91,41.05,0.0
2023-07-06 06:10:00,29.9,41.22,0.0
2023-07-06 06:15:00,29.76,41.5,0.0
2023-07-06 06:20:00,29.7,41.46,0.0
2023-07-06 06:25:00,29.72,41.42,0.74
2023-07-06 06:30:00,29.66,41.74,1.51
2023-07-06 06:35:00,29.69,41.93,1.52
2023-07-06 06:40:00,29.87,41.84,1.53
2023-07-06 06:45:00,30.15,41.47,0.62
2023-07-06 06:50:00,30.3,41.55,0.0
2023-07-06 06:55:00,30.3,41.86,0.0
2023-07-06 07:00:00,30.31,41.96,0.0
2023-07-06 07:05:00,30.31,40.95,0.0
2023-07-06 07:10:00,30.17,40.58,0.0
2023-07-06 07:15:00,29.99,40.22,0.59
2023-07-06 07:20:00,29.75,40.57,1.58
2023-07-06 07:25:00,29.7,40.82,1.6
2023-07-06 07:30:00,29.8,41.27,1.6
2023-07-06 07:35:00,30.03,41.17,1.02
2023-07-06 07:40:00,30.25,40.89,0.0
2023-07-06 07:45:00,30.3,40.94,0.0
2023-07-06 07:50:00,30.3,41.31,0.0
2023-07-06 07:55:00,30.2,41.65,0.0
2023-07-06 08:00:00,30.06,41.93,0.0
2023-07-06 08:05:00,29.92,41.77,0.23
2023-07-06 08:10:00,29.8,42.54,1.6
2023-07-06 08:15:00,29.9,42.95,1.6
2023-07-06 08:20:00,30.12,42.91,1.6
2023-07-06 08:25:00,30.41,42.81,0.46
2023-07-06 08:30:00,30.66,42.63,0.0
2023-07-06 08:35:00,30.79,41.9,0.0
2023-07-06 08:40:00,30.77,42.54,0.0
2023-07-06 08:45:00,30.66,42.46,0.0
2023-07-06 08:50:00,30.53,43.0,0.0
2023-07-06 08:55:00,30.35,44.83,0.0
2023-07-06 09:00:00,30.26,44.01,0.0
2023-07-06 09:05:00,30.17,42.3,0.86
2023-07-06 09:10:00,30.1,43.3,1.6
2023-07-06 09:15:00,30.24,42.92,1.6
2023-07-06 09:20:00,30.45,42.82,0.45
2023-07-06 09:25:00,30.65,41.96,0.0
2023-07-06 09:30:00,30.7,41.43,0.0
2023-07-06 09:35:00,30.65,41.58,0.0
2023-07-06 09:40:00,30.52,40.76,0.0
2023-07-06 09:45:00,30.36,40.53,0.0
2023-07-06 09:50:00,30.21,41.12,0.0
2023-07-06 09:55:00,30.13,41.39,0.0
2023-07-06 10:00:00,30.04,41.65,0.52
2023-07-06 10:05:00,30.03,43.43,1.61
2023-07-06 10:10:00,30.23,44.98,1.61
2023-07-06 10:15:00,30.6,46.62,0.49
2023-07-06 10:20:00,30.98,47.67,0.0
2023-07-06 10:25:00,31.24,48.2,0.0
2023-07-06 10:30:00,31.38,47.92,0.0
2023-07-06 10:35:00,31.49,46.22,0.0
2023-07-06 10:40:00,31.52,44.98,0.0
2023-07-06 10:45:00,31.55,44.24,0.0
2023-07-06 10:50:00,31.5,43.75,0.0
2023-07-06 10:55:00,31.51,43.45,0.0
2023-07-06 11:00:00,31.5,43.52,0.0
2023-07-06 11:05:00,31.5,43.53,0.0
2023-07-06 11:10:00,31.5,43.88,0.0
2023-07-06 11:15:00,31.5,43.34,0.0
2023-07-06 11:20:00,31.52,43.06,0.0
2023-07-06 11:25:00,31.54,43.63,0.0
2023-07-06 11:30:00,31.58,43.65,0.0
2023-07-06 11:35:00,31.55,43.87,0.0
2023-07-06 11:40:00,31.6,43.87,0.0
2023-07-06 11:45:00,31.59,44.0,0.0
2023-07-06 11:50:00,31.53,43.84,0.0
2023-07-06 11:55:00,31.5,44.0,0.0
2023-07-06 12:00:00,31.4,44.21,0.0
2023-07-06 12:05:00,31.31,43.85,0.0
2023-07-06 12:10:00,31.32,43.31,0.0
2023-07-06 12:15:00,31.3,43.28,0.0
2023-07-06 12:20:00,31.3,43.2,0.0
2023-07-06 12:25:00,31.25,43.3,0.0
2023-07-06 12:30:00,31.21,43.06,0.0
2023-07-06 12:35:00,31.2,42.87,0.0
2023-07-06 12:40:00,31.1,43.09,0.0
2023-07-06 12:45:00,31.06,42.82,0.0
2023-07-06 12:50:00,30.97,42.33,0.0
2023-07-06 12:55:00,30.87,42.11,0.0
2023-07-06 13:00:00,30.85,42.51,0.0
2023-07-06 13:05:00,30.84,43.21,0.0
2023-07-06 13:10:00,30.8,43.31,0.0
2023-07-06 13:15:00,30.8,43.28,0.0
2023-07-06 13:20:00,30.8,43.72,0.0
2023-07-06 13:25:00,30.86,43.63,0.0
2023-07-06 13:30:00,30.92,43.35,0.0
2023-07-06 13:35:00,31.06,43.22,0.0
2023-07-06 13:40:00,31.16,43.11,0.0
2023-07-06 13:45:00,31.2,42.79,0.0
2023-07-06 13:50:00,31.2,41.95,0.0
2023-07-06 13:55:00,31.08,41.82,0.0
2023-07-06 14:00:00,31.0,41.79,0.0
2023-07-06 14:05:00,31.0,42.0,0.0
2023-07-06 14:10:00,31.0,42.35,0.0
2023-07-06 14:15:00,31.02,42.09,0.0
2023-07-06 14:20:00,31.1,41.93,0.0
2023-07-06 14:25:00,31.1,42.12,0.0
2023-07-06 14:30:00,31.07,42.13,0.0
2023-07-06 14:35:00,30.98,42.18,0.0
2023-07-06 14:40:00,30.92,42.16,0.0
2023-07-06 14:45:00,30.9,42.35,0.0
2023-07-06 14:50:00,30.88,42.35,0.0
2023-07-06 14:55:00,30.9,42.39,0.0
2023-07-06 15:00:00,30.9,42.2,0.0
2023-07-06 15:05:00,30.89,42.25,0.0
2023-07-06 15:10:00,30.76,42.34,0.0
2023-07-06 15:15:00,30.63,42.28,0.0
2023-07-06 15:20:00,30.53,42.0,0.0
2023-07-06 15:25:00,30.45,41.72,0.0
2023-07-06 15:30:00,30.4,41.84,1.07
2023-07-06 15:35:00,30.4,44.46,1.6
2023-07-06 15:40:00,30.61,45.13,1.6
2023-07-06 15:45:00,30.97,45.18,0.07
2023-07-06 15:50:00,31.25,45.31,0.0
2023-07-06 15:55:00,31.4,45.51,0.0
2023-07-06 16:00:00,31.47,45.04,0.0
2023-07-06 16:05:00,31.4,44.61,0.0
2023-07-06 16:10:00,31.35,43.66,0.0
2023-07-06 16:15:00,31.18,41.8,0.0
2023-07-06 16:20:00,31.02,41.27,0.0
2023-07-06 16:25:00,30.87,41.3,0.0
2023-07-06 16:30:00,30.75,41.37,0.0
2023-07-06 16:35:00,30.6,41.19,0.0
2023-07-06 16:40:00,30.5,41.11,0.0
2023-07-06 16:45:00,30.41,41.14,0.27
2023-07-06 16:50:00,30.37,41.74,1.6
2023-07-06 16:55:00,30.47,43.17,1.6
2023-07-06 17:00:00,30.77,43.14,1.17
2023-07-06 17:05:00,31.11,43.89,0.0
2023-07-06 17:10:00,31.31,44.35,0.0
2023-07-06 17:15:00,31.4,44.72,0.0
2023-07-06 17:20:00,31.4,44.26,0.0
2023-07-06 17:25:00,31.3,43.92,0.0
2023-07-06 17:30:00,31.26,41.93,0.0
2023-07-06 17:35:00,31.1,40.75,0.0
2023-07-06 17:40:00,30.93,40.51,0.0
2023-07-06 17:45:00,30.74,40.74,0.0
2023-07-06 17:50:00,30.58,40.91,0.0
2023-07-06 17:55:00,30.43,40.9,0.3
2023-07-06 18:00:00,30.3,41.64,1.6
2023-07-06 18:05:00,30.34,42.18,1.6
2023-07-06 18:10:00,30.6,42.04,1.0
2023-07-06 18:15:00,30.87,41.76,0.0
2023-07-06 18:20:00,31.01,41.06,0.0
2023-07-06 18:25:00,31.03,40.41,0.0
2023-07-06 18:30:00,30.96,40.26,0.0
2023-07-06 18:35:00,30.83,39.97,0.0
2023-07-06 18:40:00,30.62,39.87,0.0
2023-07-06 18:45:00,30.4,39.92,0.0
2023-07-06 18:50:00,30.16,40.3,1.0
2023-07-06 18:55:00,30.0,41.01,1.61
2023-07-06 19:00:00,30.08,41.12,1.61
2023-07-06 19:05:00,30.34,40.78,1.43
2023-07-06 19:10:00,30.71,40.68,0.0
2023-07-06 19:15:00,30.91,40.83,0.0
2023-07-06 19:20:00,30.99,40.8,0.0
2023-07-06 19:25:00,30.95,40.88,0.0
2023-07-06 19:30:00,30.83,41.1,0.0
2023-07-06 19:35:00,30.6,41.33,0.0
2023-07-06 19:40:00,30.44,41.23,0.0
2023-07-06 19:45:00,30.24,41.17,0.68
2023-07-06 19:50:00,30.12,41.45,1.61
2023-07-06 19:55:00,30.18,41.49,1.61
2023-07-06 20:00:00,30.48,41.24,1.61
2023-07-06 20:05:00,30.91,40.78,0.14
2023-07-06 20:10:00,31.16,40.25,0.0
2023-07-06 20:15:00,31.2,40.09,0.0
2023-07-06 20:20:00,31.17,39.94,0.0
2023-07-06 20:25:00,31.07,39.69,0.0
2023-07-06 20:30:00,30.82,39.97,0.0
2023-07-06 20:35:00,30.59,40.23,0.0
2023-07-06 20:40:00,30.37,40.5,0.0
2023-07-06 20:45:00,30.17,40.64,1.61
2023-07-06 20:50:00,30.1,40.67,1.56
2023-07-06 20:55:00,30.3,40.57,1.54
2023-07-06 21:00:00,30.66,40.19,0.72
2023-07-06 21:05:00,30.98,39.66,0.0
2023-07-06 21:10:00,31.1,39.42,0.0
2023-07-06 21:15:00,31.07,39.29,0.0
2023-07-06 21:20:00,30.92,39.24,0.0
2023-07-06 21:25:00,30.72,39.46,0.0
2023-07-06 21:30:00,30.51,39.68,0.0
2023-07-06 21:35:00,30.29,40.01,0.19
2023-07-06 21:40:00,30.12,40.06,1.56
2023-07-06 21:45:00,30.06,40.08,1.41
2023-07-06 21:50:00,30.19,39.98,0.0
2023-07-06 21:55:00,30.2,40.0,0.0
2023-07-06 22:00:00,30.14,40.19,1.52
2023-07-06 22:05:00,30.17,40.11,1.53
2023-07-06 22:10:00,30.28,40.23,1.53
2023-07-06 22:15:00,30.5,40.17,1.53
2023-07-06 22:20:00,30.72,40.07,1.48
2023-07-06 22:25:00,30.94,39.93,1.15
2023-07-06 22:30:00,31.17,39.76,1.14
2023-07-06 22:35:00,31.35,39.59,1.14
2023-07-06 22:40:00,31.54,39.38,1.13
2023-07-06 22:45:00,31.73,39.28,1.15
2023-07-06 22:50:00,31.83,39.2,1.16
2023-07-06 22:55:00,31.95,39.02,1.16
2023-07-06 23:00:00,32.11,38.94,1.15
2023-07-06 23:05:00,32.25,38.81,1.16
2023-07-06 23:10:00,32.35,38.76,1.17
2023-07-06 23:15:00,32.42,38.71,1.17
2023-07-06 23:20:00,32.58,38.6,1.16
2023-07-06 23:25:00,32.65,38.53,1.14
2023-07-06 23:30:00,32.76,38.33,1.14
2023-07-06 23:35:00,32.87,38.13,1.14
2023-07-06 23:40:00,32.9,38.32,1.15
2023-07-06 23:45:00,32.93,38.39,1.17
2023-07-06 23:50:00,33.0,38.43,1.18
2023-07-06 23:55:00,33.01,38.5,1.18
2023-07-07 00:05:00,33.18,38.28,1.18
2023-07-07 00:10:00,33.36,38.01,1.18
2023-07-07 00:15:00,33.44,37.9,1.18
2023-07-07 00:20:00,33.55,37.74,1.18
2023-07-07 00:25:00,33.62,37.71,0.7
2023-07-07 00:30:00,33.69,37.7,0.0
2023-07-07 00:35:00,33.72,37.96,1.55
2023-07-07 00:40:00,33.7,38.34,1.56
2023-07-07 00:45:00,33.67,38.58,1.54
2023-07-07 00:50:00,33.7,38.89,1.2
2023-07-07 00:55:00,33.88,38.82,1.2
2023-07-07 01:00:00,34.08,38.48,1.21
2023-07-07 01:05:00,34.23,38.38,1.51
2023-07-07 01:10:00,34.34,38.37,0.23
2023-07-07 01:15:00,34.46,38.46,0.0
2023-07-07 01:20:00,34.43,38.24,0.0
2023-07-07 01:25:00,34.34,38.41,0.16
2023-07-07 01:30:00,34.25,38.32,0.0
2023-07-07 01:35:00,34.04,38.49,0.0
2023-07-07 01:40:00,33.8,38.54,0.0
2023-07-07 01:45:00,33.52,38.62,0.0
2023-07-07 01:50:00,33.21,38.76,0.0
2023-07-07 01:55:00,32.94,39.01,0.0
2023-07-07 02:00:00,32.68,39.31,0.0
2023-07-07 02:05:00,32.43,39.71,0.0
2023-07-07 02:10:00,32.25,39.82,0.0
2023-07-07 02:15:00,32.02,40.11,0.0
2023-07-07 02:20:00,31.77,40.35,0.0
2023-07-07 02:25:00,31.57,40.55,0.0
2023-07-07 02:30:00,31.34,40.75,0.0
2023-07-07 02:35:00,31.15,41.02,0.0
2023-07-07 02:40:00,30.97,41.18,0.0
2023-07-07 02:45:00,30.81,41.33,0.0
2023-07-07 02:50:00,30.63,41.41,0.0
2023-07-07 02:55:00,30.54,41.32,0.0
2023-07-07 03:00:00,30.35,41.35,0.0
2023-07-07 03:05:00,30.15,41.37,0.0
2023-07-07 03:10:00,29.98,41.44,0.0
2023-07-07 03:15:00,29.86,41.66,0.0
2023-07-07 03:20:00,29.74,41.79,0.0
2023-07-07 03:25:00,29.59,41.94,0.0
2023-07-07 03:30:00,29.46,42.18,0.0
2023-07-07 03:35:00,29.33,42.29,0.0
2023-07-07 03:40:00,29.21,42.44,0.0
2023-07-07 03:45:00,29.1,42.53,0.0
2023-07-07 03:50:00,28.98,42.81,0.0
2023-07-07 03:55:00,28.88,43.01,0.0
2023-07-07 04:00:00,28.77,43.14,0.0
2023-07-07 04:05:00,28.67,43.3,0.0
2023-07-07 04:10:00,28.58,43.35,0.0
2023-07-07 04:15:00,28.49,43.43,0.0
2023-07-07 04:20:00,28.4,43.53,0.0
2023-07-07 04:25:00,28.32,43.6,0.0
2023-07-07 04:30:00,28.24,43.66,0.0
2023-07-07 04:35:00,28.18,43.69,0.0
2023-07-07 04:40:00,28.1,43.76,0.0
2023-07-07 04:45:00,28.03,43.85,0.0
2023-07-07 04:50:00,27.95,43.86,0.0
2023-07-07 04:55:00,27.9,43.92,0.0
2023-07-07 05:00:00,27.81,43.95,0.0
2023-07-07 05:05:00,27.8,43.93,0.81
2023-07-07 05:10:00,27.79,43.92,1.61
2023-07-07 05:15:00,27.98,43.77,1.58
2023-07-07 05:20:00,28.4,43.29,0.0
2023-07-07 05:25:00,28.7,42.79,0.0
2023-07-07 05:30:00,28.8,42.43,0.0
2023-07-07 05:35:00,28.81,42.41,0.0
2023-07-07 05:40:00,28.79,42.52,0.0
2023-07-07 05:45:00,28.7,42.69,0.0
2023-07-07 05:50:00,28.65,42.77,0.0
2023-07-07 05:55:00,28.59,42.88,0.0
2023-07-07 06:00:00,28.5,43.06,0.0
2023-07-07 06:05:00,28.41,43.22,0.0
2023-07-07 06:10:00,28.33,43.36,0.0
2023-07-07 06:15:00,28.23,43.49,0.0
2023-07-07 06:20:00,28.16,43.64,0.0
2023-07-07 06:25:00,28.08,43.76,0.0
2023-07-07 06:30:00,28.0,44.03,0.0
2023-07-07 06:35:00,28.0,44.35,0.0
2023-07-07 06:40:00,27.91,44.43,0.0
2023-07-07 06:45:00,27.8,44.72,0.1
2023-07-07 06:50:00,27.81,45.04,1.6
2023-07-07 06:55:00,27.98,45.35,1.6
2023-07-07 07:00:00,28.35,45.37,0.6
2023-07-07 07:05:00,28.72,45.09,0.0
2023-07-07 07:10:00,28.94,44.43,0.0
2023-07-07 07:15:00,29.02,43.84,0.0
2023-07-07 07:20:00,28.96,43.65,0.0
2023-07-07 07:25:00,28.9,43.52,0.0
2023-07-07 07:30:00,28.79,43.81,0.0
2023-07-07 07:35:00,28.65,43.82,0.0
2023-07-07 07:40:00,28.54,44.08,0.0
2023-07-07 07:45:00,28.37,44.59,0.0
2023-07-07 07:50:00,28.23,44.97,0.0
2023-07-07 07:55:00,28.15,45.27,0.0
2023-07-07 08:00:00,28.05,45.63,0.0
2023-07-07 08:05:00,28.0,45.93,0.0
2023-07-07 08:10:00,27.9,45.94,0.0
2023-07-07 08:15:00,27.82,46.55,0.2
2023-07-07 08:20:00,27.85,47.35,1.6
2023-07-07 08:25:00,28.02,47.65,1.6
2023-07-07 08:30:00,28.42,48.12,0.2
2023-07-07 08:35:00,28.75,47.85,0.0
2023-07-07 08:40:00,29.0,46.49,0.0
2023-07-07 08:45:00,29.1,45.67,0.0
2023-07-07 08:50:00,29.1,45.38,0.0
2023-07-07 08:55:00,29.1,45.61,0.0
2023-07-07 09:00:00,29.08,45.13,0.0
2023-07-07 09:05:00,29.02,45.29,0.0
2023-07-07 09:10:00,29.0,45.76,0.0
2023-07-07 09:15:00,29.0,46.03,0.0
2023-07-07 09:20:00,29.0,46.05,0.0
2023-07-07 09:25:00,29.0,45.95,0.0
2023-07-07 09:30:00,29.0,46.17,0.0
2023-07-07 09:35:00,29.0,45.97,0.0
2023-07-07 09:40:00,29.0,45.68,0.0
2023-07-07 09:45:00,29.04,46.95,0.0
2023-07-07 09:50:00,29.1,47.51,0.0
2023-07-07 09:55:00,29.21,48.82,0.0
2023-07-07 10:00:00,29.35,49.13,0.0
2023-07-07 10:05:00,29.47,49.85,0.0
2023-07-07 10:10:00,29.59,47.3,0.0
2023-07-07 10:15:00,29.67,46.42,0.0
2023-07-07 10:20:00,29.79,47.04,0.0
2023-07-07 10:25:00,29.89,46.44,0.0
2023-07-07 10:30:00,30.01,46.0,0.0
2023-07-07 10:35:00,30.11,45.45,0.0
2023-07-07 10:40:00,30.2,45.43,0.0
2023-07-07 10:45:00,30.2,44.87,0.0
2023-07-07 10:50:00,30.21,44.43,0.0
2023-07-07 10:55:00,30.2,43.75,0.0
2023-07-07 11:00:00,30.2,43.95,0.0
2023-07-07 11:05:00,30.19,44.73,0.0
2023-07-07 11:10:00,30.2,45.13,0.0
2023-07-07 11:15:00,30.32,45.09,0.0
2023-07-07 11:20:00,30.4,44.83,0.0
2023-07-07 11:25:00,30.4,44.57,0.0
2023-07-07 11:30:00,30.43,44.54,0.0
2023-07-07 11:35:00,30.41,44.21,0.0
2023-07-07 11:40:00,30.48,43.75,0.0
2023-07-07 11:45:00,30.4,43.27,0.0
2023-07-07 11:50:00,30.39,43.45,0.0
2023-07-07 11:55:00,30.3,43.62,0.0
2023-07-07 12:00:00,30.21,43.63,0.0
2023-07-07 12:05:00,30.07,44.0,0.0
2023-07-07 12:10:00,29.97,43.68,0.0
2023-07-07 12:15:00,29.82,43.68,0.0
2023-07-07 12:20:00,29.69,44.28,0.0
2023-07-07 12:25:00,29.54,44.34,0.0
2023-07-07 12:30:00,29.49,44.28,0.0
2023-07-07 12:35:00,29.37,44.27,0.0
2023-07-07 12:40:00,29.27,44.16,0.0
2023-07-07 12:45:00,29.2,44.99,0.0
2023-07-07 12:50:00,29.2,45.68,0.0
2023-07-07 12:55:00,29.2,45.48,0.0
2023-07-07 13:00:00,29.2,45.5,0.0
2023-07-07 13:05:00,29.2,45.47,0.0
2023-07-07 13:10:00,29.2,45.32,0.0
2023-07-07 13:15:00,29.2,45.23,0.0
2023-07-07 13:20:00,29.21,45.29,0.0
2023-07-07 13:25:00,29.19,45.48,0.0
2023-07-07 13:30:00,29.19,45.88,0.0
2023-07-07 13:35:00,29.27,46.39,0.0
2023-07-07 13:40:00,29.42,46.46,0.0
2023-07-07 13:45:00,29.59,46.11,0.0
2023-07-07 13:50:00,29.6,45.84,0.0
2023-07-07 13:55:00,29.69,45.56,0.0
2023-07-07 14:00:00,29.7,45.48,0.0
2023-07-07 14:05:00,29.77,45.5,0.0
2023-07-07 14:10:00,29.81,45.39,0.0
2023-07-07 14:15:00,29.89,45.26,0.0
2023-07-07 14:20:00,29.95,45.1,0.0
2023-07-07 14:25:00,29.99,44.99,0.0
2023-07-07 14:30:00,30.0,45.0,0.0
2023-07-07 14:35:00,30.0,45.16,0.0
2023-07-07 14:40:00,30.0,44.91,0.0
2023-07-07 14:45:00,30.0,44.47,0.0
2023-07-07 14:50:00,29.97,44.22,0.0
2023-07-07 14:55:00,29.91,44.37,0.0
2023-07-07 15:00:00,30.0,44.49,0.0
2023-07-07 15:05:00,30.07,44.82,0.0
2023-07-07 15:10:00,30.17,44.92,0.0
2023-07-07 15:15:00,30.25,45.08,0.0
2023-07-07 15:20:00,30.38,45.07,0.0
2023-07-07 15:25:00,30.49,45.12,0.0
2023-07-07 15:30:00,30.6,45.01,0.0
2023-07-07 15:35:00,30.7,45.05,0.0
2023-07-07 15:40:00,30.78,45.1,0.0
2023-07-07 15:45:00,30.86,45.07,0.0
2023-07-07 15:50:00,30.98,44.87,0.0
2023-07-07 15:55:00,31.02,44.64,0.0
2023-07-07 16:00:00,31.09,44.38,0.0
2023-07-07 16:05:00,31.1,44.26,0.0
2023-07-07 16:10:00,31.16,44.13,0.0
2023-07-07 16:15:00,31.26,44.04,0.0
2023-07-07 16:20:00,31.33,43.86,0.0
2023-07-07 16:25:00,31.41,43.75,0.0
2023-07-07 16:30:00,31.4,43.91,0.0
2023-07-07 16:35:00,31.45,43.28,0.0
2023-07-07 16:40:00,31.46,43.03,0.0
2023-07-07 16:45:00,31.49,42.96,0.0
2023-07-07 16:50:00,31.5,42.93,0.0
2023-07-07 16:55:00,31.5,42.88,0.0
2023-07-07 17:00:00,31.45,42.66,0.0
2023-07-07 17:05:00,31.41,42.79,0.0
2023-07-07 17:10:00,31.39,42.97,0.0
2023-07-07 17:15:00,31.33,43.83,0.0
2023-07-07 17:20:00,31.31,44.62,0.0
2023-07-07 17:25:00,31.36,44.49,0.0
2023-07-07 17:30:00,31.49,44.27,0.0
2023-07-07 17:35:00,31.5,44.67,0.0
2023-07-07 17:40:00,31.5,44.79,0.0
2023-07-07 17:45:00,31.46,44.94,0.0
2023-07-07 17:50:00,31.4,44.81,0.0
2023-07-07 17:55:00,31.37,44.9,0.0
2023-07-07 18:00:00,31.28,43.9,0.0
2023-07-07 18:05:00,31.18,43.5,0.0
2023-07-07 18:10:00,31.05,42.46,0.0
2023-07-07 18:15:00,30.92,43.02,0.0
2023-07-07 18:20:00,30.83,42.45,0.0
2023-07-07 18:25:00,30.73,40.61,0.0
2023-07-07 18:30:00,30.56,40.27,0.0
2023-07-07 18:35:00,30.38,40.67,0.0
2023-07-07 18:40:00,30.24,40.9,0.0
2023-07-07 18:45:00,30.07,40.36,0.0
2023-07-07 18:50:00,29.86,40.46,0.0
2023-07-07 18:55:00,29.72,40.7,0.0
2023-07-07 19:00:00,29.63,40.67,0.0
2023-07-07 19:05:00,29.46,40.64,0.0
2023-07-07 19:10:00,29.33,40.77,0.0
2023-07-07 19:15:00,29.2,40.95,0.0
2023-07-07 19:20:00,29.08,41.01,0.0
2023-07-07 19:25:00,28.97,40.96,0.0
2023-07-07 19:30:00,28.87,41.34,0.0
2023-07-07 19:35:00,28.72,41.42,0.0
2023-07-07 19:40:00,28.59,41.65,0.0
2023-07-07 19:45:00,28.47,41.93,0.0
2023-07-07 19:50:00,28.36,42.22,0.0
2023-07-07 19:55:00,28.27,42.78,1.1
2023-07-07 20:00:00,28.19,43.01,1.58
2023-07-07 20:05:00,28.14,43.12,1.55
2023-07-07 20:10:00,28.38,43.17,1.57
2023-07-07 20:15:00,28.59,43.05,0.61
2023-07-07 20:20:00,28.81,43.25,0.0
2023-07-07 20:25:00,28.89,42.96,0.0
2023-07-07 20:30:00,28.8,42.58,0.0
2023-07-07 20:35:00,28.71,42.75,0.0
2023-07-07 20:40:00,28.56,42.92,0.0
2023-07-07 20:45:00,28.48,43.02,0.0
2023-07-07 20:50:00,28.31,43.15,1.29
2023-07-07 20:55:00,28.2,43.74,1.5
2023-07-07 21:00:00,28.29,44.14,1.51
2023-07-07 21:05:00,28.52,44.11,1.46
2023-07-07 21:10:00,28.73,43.75,0.07
2023-07-07 21:15:00,28.86,43.78,0.48
2023-07-07 21:20:00,28.88,43.99,1.46
2023-07-07 21:25:00,29.02,43.74,1.45
2023-07-07 21:30:00,29.24,43.38,1.46
2023-07-07 21:35:00,29.47,42.87,1.46
2023-07-07 21:40:00,29.74,42.6,0.31
2023-07-07 21:45:00,30.0,42.5,0.0
2023-07-07 21:50:00,29.96,42.52,0.0
2023-07-07 21:55:00,29.85,43.04,0.81
2023-07-07 22:00:00,29.98,42.55,1.55
2023-07-07 22:05:00,30.11,42.12,1.51
2023-07-07 22:10:00,30.3,42.47,1.53
2023-07-07 22:15:00,30.48,42.96,1.54
2023-07-07 22:20:00,30.68,42.44,1.54
2023-07-07 22:25:00,30.92,42.4,1.54
2023-07-07 22:30:00,31.2,42.02,1.54
2023-07-07 22:35:00,31.51,41.04,1.53
2023-07-07 22:40:00,31.69,40.79,1.48
2023-07-07 22:45:00,31.86,40.56,1.47
2023-07-07 22:50:00,32.0,40.51,1.53
2023-07-07 22:55:00,32.08,40.33,1.54
2023-07-07 23:00:00,32.29,39.93,1.51
2023-07-07 23:05:00,32.49,39.67,1.51
2023-07-07 23:10:00,32.72,39.4,1.43
2023-07-07 23:15:00,32.84,39.39,0.0
2023-07-07 23:20:00,32.91,38.83,0.0
2023-07-07 23:25:00,32.72,37.65,0.0
2023-07-07 23:30:00,32.44,37.87,0.0
2023-07-07 23:35:00,32.26,38.44,0.0
2023-07-07 23:40:00,32.07,38.96,0.0
2023-07-07 23:45:00,31.85,39.2,0.0
2023-07-07 23:50:00,31.61,39.16,0.0
2023-07-07 23:55:00,31.39,39.9,0.0
2023-07-08 00:05:00,31.11,40.1,0.0
2023-07-08 00:10:00,30.82,40.27,0.0
2023-07-08 00:15:00,30.6,40.2,0.0
2023-07-08 00:20:00,30.36,40.66,0.0
2023-07-08 00:25:00,30.15,40.87,0.0
2023-07-08 00:30:00,29.92,41.05,0.0
2023-07-08 00:35:00,29.71,41.31,0.0
2023-07-08 00:40:00,29.52,41.61,0.0
2023-07-08 00:45:00,29.37,41.75,0.0
2023-07-08 00:50:00,29.25,41.8,0.0
2023-07-08 00:55:00,29.03,41.94,0.0
2023-07-08 01:00:00,28.78,42.26,0.0
2023-07-08 01:05:00,28.64,42.35,0.0
2023-07-08 01:10:00,28.47,42.53,0.0
2023-07-08 01:15:00,28.38,42.55,0.0
2023-07-08 01:20:00,28.24,42.53,0.0
2023-07-08 01:25:00,28.11,42.59,0.0
2023-07-08 01:30:00,27.98,42.73,0.0
2023-07-08 01:35:00,27.83,42.78,0.0
2023-07-08 01:40:00,27.75,42.79,0.0
2023-07-08 01:45:00,27.7,42.76,0.0
2023-07-08 01:50:00,27.56,42.94,0.0
2023-07-08 01:55:00,27.39,43.14,0.0
2023-07-08 02:00:00,27.32,43.18,0.0
2023-07-08 02:05:00,27.26,43.03,0.0
2023-07-08 02:10:00,27.15,43.07,0.0
2023-07-08 02:15:00,27.08,43.19,0.0
2023-07-08 02:20:00,27.02,43.12,0.0
2023-07-08 02:25:00,26.95,43.14,0.0
2023-07-08 02:30:00,26.89,43.13,0.0
2023-07-08 02:35:00,26.8,43.1,0.0
2023-07-08 02:40:00,26.69,43.27,0.0
2023-07-08 02:45:00,26.59,43.4,0.0
2023-07-08 02:50:00,26.5,43.52,0.0
2023-07-08 02:55:00,26.42,43.66,0.0
2023-07-08 03:00:00,26.34,43.77,0.0
2023-07-08 03:05:00,26.3,43.66,0.0
2023-07-08 03:10:00,26.21,43.64,0.0
2023-07-08 03:15:00,26.2,43.65,0.0
2023-07-08 03:20:00,26.18,43.76,0.0
2023-07-08 03:25:00,26.1,43.79,0.0
2023-07-08 03:30:00,26.06,43.85,0.0
2023-07-08 03:35:00,25.99,43.89,0.0
2023-07-08 03:40:00,25.91,43.95,0.0
2023-07-08 03:45:00,25.82,43.89,0.0
2023-07-08 03:50:00,25.78,43.95,0.23
2023-07-08 03:55:00,25.72,43.77,1.58
2023-07-08 04:00:00,25.84,43.53,1.58
2023-07-08 04:05:00,26.17,43.26,1.14
2023-07-08 04:10:00,26.59,42.62,0.0
2023-07-08 04:15:00,26.81,42.05,0.0
2023-07-08 04:20:00,26.91,41.68,0.0
2023-07-08 04:25:00,26.99,41.59,0.0
2023-07-08 04:30:00,26.93,41.67,0.0
2023-07-08 04:35:00,26.85,41.79,0.0
2023-07-08 04:40:00,26.76,41.88,0.0
2023-07-08 04:45:00,26.71,41.9,0.0
2023-07-08 04:50:00,26.57,41.99,0.0
2023-07-08 04:55:00,26.47,42.08,0.0
2023-07-08 05:00:00,26.36,42.13,0.0
2023-07-08 05:05:00,26.14,42.36,0.0
2023-07-08 05:10:00,26.09,42.42,0.0
2023-07-08 05:15:00,25.97,42.58,0.0
2023-07-08 05:20:00,25.9,42.71,1.01
2023-07-08 05:25:00,25.98,42.52,1.58
2023-07-08 05:30:00,26.21,42.33,1.59
2023-07-08 05:35:00,26.58,41.98,0.05
2023-07-08 05:40:00,26.87,41.48,0.0
2023-07-08 05:45:00,26.94,41.3,0.0
2023-07-08 05:50:00,27.0,41.24,0.0
2023-07-08 05:55:00,26.99,41.34,0.0
2023-07-08 06:00:00,26.92,41.38,0.0
2023-07-08 06:05:00,26.88,41.53,0.0
2023-07-08 06:10:00,26.8,41.85,0.0
2023-07-08 06:15:00,26.74,42.02,0.0
2023-07-08 06:20:00,26.65,42.26,0.0
2023-07-08 06:25:00,26.59,42.78,0.0
2023-07-08 06:30:00,26.5,43.31,0.0
2023-07-08 06:35:00,26.47,43.51,0.0
2023-07-08 06:40:00,26.4,43.89,0.0
2023-07-08 06:45:00,26.37,44.34,0.0
2023-07-08 06:50:00,26.31,44.66,0.0
2023-07-08 06:55:00,26.3,45.09,0.0
2023-07-08 07:00:00,26.3,45.5,0.0
2023-07-08 07:05:00,26.3,45.78,0.0
2023-07-08 07:10:00,26.3,45.91,0.0
2023-07-08 07:15:00,26.3,45.83,0.0
2023-07-08 07:20:00,26.29,46.17,0.0
2023-07-08 07:25:00,26.3,46.68,0.0
2023-07-08 07:30:00,26.3,47.14,0.0
2023-07-08 07:35:00,26.31,47.35,0.0
2023-07-08 07:40:00,26.37,47.24,0.0
2023-07-08 07:45:00,26.43,48.08,0.0
2023-07-08 07:50:00,26.49,48.67,0.0
2023-07-08 07:55:00,26.57,49.32,0.0
2023-07-08 08:00:00,26.66,49.51,0.0
2023-07-08 08:05:00,26.75,48.96,0.0
2023-07-08 08:10:00,26.85,49.35,0.0
2023-07-08 08:15:00,26.91,50.36,0.0
2023-07-08 08:20:00,26.99,50.51,0.0
2023-07-08 08:25:00,27.09,50.94,0.0
2023-07-08 08:30:00,27.19,50.98,0.0
2023-07-08 08:35:00,27.29,49.34,0.0
2023-07-08 08:40:00,27.38,48.6,0.0
2023-07-08 08:45:00,27.4,48.58,0.0
2023-07-08 08:50:00,27.49,48.42,0.0
2023-07-08 08:55:00,27.46,48.68,0.0
2023-07-08 09:00:00,27.5,48.18,0.0
2023-07-08 09:05:00,27.58,48.08,0.0
2023-07-08 09:10:00,27.68,48.76,0.0
2023-07-08 09:15:00,27.77,49.02,0.0
2023-07-08 09:20:00,27.88,48.99,0.0
2023-07-08 09:25:00,27.96,48.47,0.0
2023-07-08 09:30:00,28.07,48.87,0.0
2023-07-08 09:35:00,28.19,48.79,0.0
2023-07-08 09:40:00,28.34,47.69,0.0
2023-07-08 09:45:00,28.44,47.36,0.0
2023-07-08 09:50:00,28.54,47.04,0.0
2023-07-08 09:55:00,28.68,47.84,0.0
2023-07-08 10:00:00,28.81,48.16,0.0
2023-07-08 10:05:00,28.92,48.36,0.0
2023-07-08 10:10:00,29.05,47.23,0.0
2023-07-08 10:15:00,29.15,46.64,0.0
2023-07-08 10:20:00,29.24,47.33,0.0
2023-07-08 10:25:00,29.35,47.94,0.0
2023-07-08 10:30:00,29.48,48.16,0.0
2023-07-08 10:35:00,29.58,48.48,0.0
2023-07-08 10:40:00,29.66,47.64,0.0
2023-07-08 10:45:00,29.75,47.42,0.0
2023-07-08 10:50:00,29.27,45.04,0.0
2023-07-08 10:55:00,28.42,45.58,0.0
2023-07-08 11:00:00,27.81,45.97,0.0
2023-07-08 11:05:00,27.27,47.68,0.0
2023-07-08 11:10:00,27.22,48.03,0.0
2023-07-08 11:15:00,27.11,48.79,0.0
2023-07-08 11:20:00,26.94,48.71,0.0
2023-07-08 11:25:00,26.89,48.75,0.0
2023-07-08 11:30:00,26.84,47.79,0.0
2023-07-08 11:35:00,26.79,48.8,0.0
2023-07-08 11:40:00,26.73,48.93,0.0
2023-07-08 11:45:00,26.85,49.59,0.0
2023-07-08 11:50:00,26.89,48.12,0.0
2023-07-08 11:55:00,26.82,47.48,0.0
2023-07-08 12:00:00,26.73,48.22,0.0
2023-07-08 12:05:00,26.61,48.15,0.0
2023-07-08 12:10:00,26.55,50.03,0.0
2023-07-08 12:15:00,26.62,50.83,0.0
2023-07-08 12:20:00,27.0,54.88,0.0
2023-07-08 12:25:00,27.15,51.07,0.0
2023-07-08 12:30:00,27.27,49.76,0.0
2023-07-08 12:35:00,27.56,50.97,0.0
2023-07-08 12:40:00,27.49,48.71,0.0
2023-07-08 12:45:00,27.93,47.55,0.0
2023-07-08 12:50:00,28.11,46.43,0.0
2023-07-08 12:55:00,28.22,45.8,0.0
2023-07-08 13:00:00,28.35,45.52,0.0
2023-07-08 13:05:00,28.37,45.03,0.0
2023-07-08 13:10:00,28.36,44.89,0.0
2023-07-08 13:15:00,28.34,44.19,0.0
2023-07-08 13:20:00,28.38,44.01,0.0
2023-07-08 13:25:00,28.59,43.28,0.0
2023-07-08 13:30:00,28.61,42.6,0.0
2023-07-08 13:35:00,28.57,43.01,0.0
2023-07-08 13:40:00,28.7,43.46,0.0
2023-07-08 13:45:00,28.65,43.67,0.0
2023-07-08 13:50:00,28.59,44.54,0.0
2023-07-08 13:55:00,28.64,43.22,0.0
2023-07-08 14:00:00,28.64,43.44,0.0
2023-07-08 14:05:00,28.48,42.49,0.0
2023-07-08 14:10:00,28.26,42.57,0.0
2023-07-08 14:15:00,28.35,43.89,0.0
2023-07-08 14:20:00,28.18,42.86,0.0
2023-07-08 14:25:00,28.2,42.53,0.0
2023-07-08 14:30:00,28.35,42.86,0.0
2023-07-08 14:35:00,28.59,43.16,0.0
2023-07-08 14:40:00,28.43,43.29,0.0
2023-07-08 14:45:00,28.5,42.18,0.0
2023-07-08 14:50:00,28.58,42.74,0.0
2023-07-08 14:55:00,28.69,42.31,0.0
2023-07-08 15:00:00,28.7,41.19,0.0
2023-07-08 15:05:00,28.78,41.16,0.0
2023-07-08 15:10:00,28.99,41.21,0.0
2023-07-08 15:15:00,28.99,39.73,0.0
2023-07-08 15:20:00,29.02,41.16,0.0
2023-07-08 15:25:00,29.01,39.56,0.0
2023-07-08 15:30:00,28.92,39.89,0.0
2023-07-08 15:35:00,28.9,40.78,0.0
2023-07-08 15:40:00,28.97,41.39,0.0
2023-07-08 15:45:00,28.85,41.02,0.0
2023-07-08 15:50:00,29.0,40.94,0.0
2023-07-08 15:55:00,29.23,41.36,0.0
2023-07-08 16:00:00,29.32,40.96,0.0
2023-07-08 16:05:00,29.34,39.87,0.0
2023-07-08 16:10:00,29.38,40.44,0.0
2023-07-08 16:15:00,29.15,41.0,0.0
2023-07-08 16:20:00,28.94,41.76,0.0
2023-07-08 16:25:00,28.83,42.67,0.0
2023-07-08 16:30:00,28.82,42.33,0.0
2023-07-08 16:35:00,28.99,42.17,0.0
2023-07-08 16:40:00,29.11,41.89,0.0
2023-07-08 16:45:00,29.16,41.87,0.0
2023-07-08 16:50:00,29.18,41.85,0.0
2023-07-08 16:55:00,29.18,41.91,0.0
2023-07-08 17:00:00,29.17,41.5,0.0
2023-07-08 17:05:00,29.0,41.47,0.0
2023-07-08 17:10:00,29.06,41.67,0.0
2023-07-08 17:15:00,29.23,42.19,0.0
2023-07-08 17:20:00,29.4,41.73,0.0
2023-07-08 17:25:00,29.5,41.92,0.0
2023-07-08 17:30:00,29.61,42.16,0.0
2023-07-08 17:35:00,29.62,41.68,0.0
2023-07-08 17:40:00,29.77,41.0,0.0
2023-07-08 17:45:00,29.84,41.16,0.0
2023-07-08 17:50:00,29.94,41.09,0.0
2023-07-08 17:55:00,29.98,41.04,0.0
2023-07-08 18:00:00,30.05,40.37,0.0
2023-07-08 18:05:00,30.09,39.5,0.0
2023-07-08 18:10:00,30.13,40.29,0.0
2023-07-08 18:15:00,30.2,39.6,0.0
2023-07-08 18:20:00,30.28,40.06,0.0
2023-07-08 18:25:00,30.3,40.67,0.0
2023-07-08 18:30:00,30.25,40.92,0.0
2023-07-08 18:35:00,30.18,40.89,0.0
2023-07-08 18:40:00,30.0,41.3,0.0
2023-07-08 18:45:00,29.96,41.79,0.0
2023-07-08 18:50:00,29.99,42.34,0.0
2023-07-08 18:55:00,29.85,42.25,0.0
2023-07-08 19:00:00,29.77,42.56,0.0
2023-07-08 19:05:00,29.84,42.21,0.0
2023-07-08 19:10:00,29.9,41.97,0.0
2023-07-08 19:15:00,29.9,41.54,0.0
2023-07-08 19:20:00,29.81,41.94,0.0
2023-07-08 19:25:00,29.56,42.28,0.0
2023-07-08 19:30:00,29.35,42.52,0.0
2023-07-08 19:35:00,29.33,42.47,0.0
2023-07-08 19:40:00,29.27,42.2,0.0
2023-07-08 19:45:00,29.13,42.1,0.0
2023-07-08 19:50:00,29.1,42.55,0.0
2023-07-08 19:55:00,29.13,42.73,0.0
2023-07-08 20:00:00,29.1,42.34,0.0
2023-07-08 20:05:00,29.19,42.3,0.0
2023-07-08 20:10:00,29.13,42.1,0.0
2023-07-08 20:15:00,29.09,41.93,0.0
2023-07-08 20:20:00,29.0,41.94,0.0
2023-07-08 20:25:00,28.99,41.81,0.0
2023-07-08 20:30:00,29.0,41.83,0.0
2023-07-08 20:35:00,28.88,41.89,0.0
2023-07-08 20:40:00,28.69,42.24,0.0
2023-07-08 20:45:00,28.46,42.52,0.0
2023-07-08 20:50:00,28.26,42.72,0.0
2023-07-08 20:55:00,28.12,42.82,0.0
2023-07-08 21:00:00,28.19,42.92,0.0
2023-07-08 21:05:00,28.21,42.65,0.0
2023-07-08 21:10:00,28.27,42.35,0.0
2023-07-08 21:15:00,28.24,42.13,0.0
2023-07-08 21:20:00,28.2,41.94,0.0
2023-07-08 21:25:00,28.2,41.72,0.0
2023-07-08 21:30:00,28.17,41.55,0.0
2023-07-08 21:35:00,28.1,41.45,0.0
2023-07-08 21:40:00,28.1,41.44,0.0
2023-07-08 21:45:00,28.0,41.5,0.0
2023-07-08 21:50:00,27.98,41.4,0.0
2023-07-08 21:55:00,27.9,41.59,0.22
2023-07-08 22:00:00,27.9,41.29,1.61
2023-07-08 22:05:00,28.0,40.29,1.61
2023-07-08 22:10:00,28.35,39.75,1.61
2023-07-08 22:15:00,28.88,39.37,1.61
2023-07-08 22:20:00,29.52,38.53,1.61
2023-07-08 22:25:00,30.17,37.57,0.21
2023-07-08 22:30:00,30.63,36.74,0.0
2023-07-08 22:35:00,30.8,37.36,1.21
2023-07-08 22:40:00,30.84,37.97,1.54
2023-07-08 22:45:00,30.97,37.91,1.54
2023-07-08 22:50:00,31.11,37.72,1.55
2023-07-08 22:55:00,31.29,37.77,1.55
2023-07-08 23:00:00,31.56,37.48,1.55
2023-07-08 23:05:00,31.81,37.21,1.54
2023-07-08 23:10:00,32.02,36.98,1.55
2023-07-08 23:15:00,32.23,36.95,1.55
2023-07-08 23:20:00,32.41,37.14,1.54
2023-07-08 23:25:00,32.54,37.17,1.57
2023-07-08 23:30:00,32.66,37.34,1.57
2023-07-08 23:35:00,32.8,37.48,1.56
2023-07-08 23:40:00,32.89,37.98,1.56
2023-07-08 23:45:00,32.94,37.54,1.56
2023-07-08 23:50:00,33.06,37.79,0.24
2023-07-08 23:55:00,33.0,37.84,0.0
2023-07-09 00:05:00,32.78,38.02,0.0
2023-07-09 00:10:00,32.58,38.46,0.0
2023-07-09 00:15:00,32.38,38.34,0.0
2023-07-09 00:20:00,32.17,38.24,0.0
2023-07-09 00:25:00,31.91,38.56,0.0
2023-07-09 00:30:00,31.65,38.76,0.0
2023-07-09 00:35:00,31.44,38.85,0.0
2023-07-09 00:40:00,31.23,39.02,0.0
2023-07-09 00:45:00,30.99,39.17,0.0
2023-07-09 00:50:00,30.79,39.4,0.0
2023-07-09 00:55:00,30.61,39.6,0.0
2023-07-09 01:00:00,30.4,39.78,0.0
2023-07-09 01:05:00,30.22,39.94,0.0
2023-07-09 01:10:00,30.03,40.06,0.0
2023-07-09 01:15:00,29.76,40.13,0.0
2023-07-09 01:20:00,29.59,40.52,0.0
2023-07-09 01:25:00,29.46,40.65,0.0
2023-07-09 01:30:00,29.32,40.79,0.0
2023-07-09 01:35:00,29.11,40.93,0.0
2023-07-09 01:40:00,28.94,41.02,0.0
2023-07-09 01:45:00,28.84,41.15,0.0
2023-07-09 01:50:00,28.73,41.3,0.0
2023-07-09 01:55:00,28.54,41.28,0.0
2023-07-09 02:00:00,28.4,41.59,0.0
2023-07-09 02:05:00,28.34,41.75,0.0
2023-07-09 02:10:00,28.27,41.74,0.0
2023-07-09 02:15:00,28.12,41.84,0.0
2023-07-09 02:20:00,28.0,41.86,0.0
2023-07-09 02:25:00,27.96,41.86,0.0
2023-07-09 02:30:00,27.87,41.88,0.0
2023-07-09 02:35:00,27.73,41.86,0.0
2023-07-09 02:40:00,27.63,42.08,0.0
2023-07-09 02:45:00,27.6,42.05,0.0
2023-07-09 02:50:00,27.53,42.08,0.0
2023-07-09 02:55:00,27.38,42.1,0.0
2023-07-09 03:00:00,27.3,42.17,0.0
2023-07-09 03:05:00,27.3,42.18,0.0
2023-07-09 03:10:00,27.19,42.22,0.0
2023-07-09 03:15:00,27.08,42.25,0.0
2023-07-09 03:20:00,27.0,42.27,0.0
2023-07-09 03:25:00,26.98,42.33,0.0
2023-07-09 03:30:00,26.84,42.58,0.0
2023-07-09 03:35:00,26.73,42.65,0.0
2023-07-09 03:40:00,26.7,42.71,0.0
2023-07-09 03:45:00,26.66,42.64,0.0
2023-07-09 03:50:00,26.53,42.71,0.0
2023-07-09 03:55:00,26.48,42.74,0.0
2023-07-09 04:00:00,26.4,42.69,0.0
2023-07-09 04:05:00,26.36,42.68,0.0
2023-07-09 04:10:00,26.26,42.79,0.0
2023-07-09 04:15:00,26.2,42.86,0.0
2023-07-09 04:20:00,26.14,42.89,0.0
2023-07-09 04:25:00,26.06,42.89,0.0
2023-07-09 04:30:00,25.96,43.06,0.0
2023-07-09 04:35:00,25.9,43.19,0.0
2023-07-09 04:40:00,25.9,43.21,0.0
2023-07-09 04:45:00,25.82,43.16,0.0
2023-07-09 04:50:00,25.7,43.3,0.0
2023-07-09 04:55:00,25.68,43.32,0.0
2023-07-09 05:00:00,25.61,43.34,0.0
2023-07-09 05:05:00,25.6,43.44,0.0
2023-07-09 05:10:00,25.51,43.51,0.0
2023-07-09 05:15:00,25.42,43.59,0.0
2023-07-09 05:20:00,25.37,43.58,0.0
2023-07-09 05:25:00,25.3,43.63,0.0
2023-07-09 05:30:00,25.28,43.64,0.0
2023-07-09 05:35:00,25.2,43.8,0.0
2023-07-09 05:40:00,25.2,43.81,0.28
2023-07-09 05:45:00,25.12,43.66,1.56
2023-07-09 05:50:00,25.0,43.63,1.56
2023-07-09 05:55:00,25.07,43.94,1.55
2023-07-09 06:00:00,25.09,44.29,0.0
2023-07-09 06:05:00,25.3,43.95,0.0
2023-07-09 06:10:00,25.64,43.41,0.0
2023-07-09 06:15:00,25.77,43.37,0.0
2023-07-09 06:20:00,25.88,43.4,0.0
2023-07-09 06:25:00,25.9,43.5,0.0
2023-07-09 06:30:00,25.96,43.63,0.0
2023-07-09 06:35:00,26.0,43.61,0.0
2023-07-09 06:40:00,25.98,43.78,0.0
2023-07-09 06:45:00,25.9,44.06,0.0
2023-07-09 06:50:00,25.9,44.22,0.0
2023-07-09 06:55:00,25.9,44.42,0.0
2023-07-09 07:00:00,25.9,43.91,0.0
2023-07-09 07:05:00,25.88,44.24,0.0
2023-07-09 07:10:00,25.83,44.81,0.0
2023-07-09 07:15:00,25.81,44.78,0.0
2023-07-09 07:20:00,25.85,44.79,0.0
2023-07-09 07:25:00,25.9,45.0,0.0
2023-07-09 07:30:00,25.84,45.11,0.0
2023-07-09 07:35:00,25.8,45.44,0.0
2023-07-09 07:40:00,25.85,45.51,0.0
2023-07-09 07:45:00,25.9,45.66,0.0
2023-07-09 07:50:00,25.99,45.58,0.0
2023-07-09 07:55:00,25.97,46.49,0.0
2023-07-09 08:00:00,25.97,46.96,0.0
2023-07-09 08:05:00,26.05,46.57,0.0
2023-07-09 08:10:00,26.16,46.62,0.0
2023-07-09 08:15:00,26.27,46.9,0.0
2023-07-09 08:20:00,26.3,47.44,0.0
2023-07-09 08:25:00,26.39,47.13,0.0
2023-07-09 08:30:00,26.47,46.85,0.0
2023-07-09 08:35:00,26.41,46.28,0.0
2023-07-09 08:40:00,26.29,46.84,0.0
2023-07-09 08:45:00,26.17,47.05,0.0
2023-07-09 08:50:00,26.06,47.8,0.0
2023-07-09 08:55:00,26.0,47.89,0.0
2023-07-09 09:00:00,26.08,47.84,0.0
2023-07-09 09:05:00,26.1,48.62,0.0
2023-07-09 09:10:00,25.79,48.74,0.0
2023-07-09 09:15:00,25.77,49.15,0.0
2023-07-09 09:20:00,25.68,49.78,0.0
2023-07-09 09:25:00,25.92,49.14,0.0
2023-07-09 09:30:00,26.27,49.01,0.0
2023-07-09 09:35:00,26.42,49.21,0.0
2023-07-09 09:40:00,26.59,49.36,0.0
2023-07-09 09:45:00,26.76,49.05,0.0
2023-07-09 09:50:00,26.98,47.77,0.0
2023-07-09 09:55:00,27.2,47.45,0.0
2023-07-09 10:00:00,27.28,47.83,0.0
2023-07-09 10:05:00,27.34,48.59,0.0
2023-07-09 10:10:00,27.28,48.53,0.0
2023-07-09 10:15:00,27.28,47.9,0.0
2023-07-09 10:20:00,27.43,47.11,0.0
2023-07-09 10:25:00,27.34,47.36,0.0
2023-07-09 10:30:00,27.44,47.85,0.0
2023-07-09 10:35:00,27.58,47.91,0.0
2023-07-09 10:40:00,27.62,46.28,0.0
2023-07-09 10:45:00,27.59,45.92,0.0
2023-07-09 10:50:00,27.71,46.24,0.0
2023-07-09 10:55:00,27.69,46.43,0.0
2023-07-09 11:00:00,27.7,45.2,0.0
2023-07-09 11:05:00,27.7,45.82,0.0
2023-07-09 11:10:00,27.75,46.22,0.0
2023-07-09 11:15:00,27.64,43.6,0.0
2023-07-09 11:20:00,27.58,43.61,0.0
2023-07-09 11:25:00,27.5,44.95,0.0
2023-07-09 11:30:00,27.45,47.44,0.0
2023-07-09 11:35:00,27.48,45.36,0.0
2023-07-09 11:40:00,27.63,46.23,0.0
2023-07-09 11:45:00,27.72,44.97,0.0
2023-07-09 11:50:00,27.74,46.7,0.0
2023-07-09 11:55:00,27.86,46.59,0.0
2023-07-09 12:00:00,28.08,44.92,0.0
2023-07-09 12:05:00,28.25,44.39,0.0
2023-07-09 12:10:00,28.34,43.68,0.0
2023-07-09 12:15:00,28.29,41.0,0.0
2023-07-09 12:20:00,28.12,42.32,0.0
2023-07-09 12:25:00,28.32,42.63,0.0
2023-07-09 12:30:00,28.46,41.38,0.0
2023-07-09 12:35:00,28.43,40.84,0.0
2023-07-09 12:40:00,28.42,39.7,0.0
2023-07-09 12:45:00,28.4,39.03,0.0
2023-07-09 12:50:00,28.46,39.84,0.0
2023-07-09 12:55:00,28.58,39.13,0.0
2023-07-09 13:00:00,28.46,38.9,0.0
2023-07-09 13:05:00,28.41,39.94,0.0
2023-07-09 13:10:00,28.51,39.51,0.0
2023-07-09 13:15:00,28.55,40.99,0.0
2023-07-09 13:20:00,28.62,40.81,0.0
2023-07-09 13:25:00,28.62,41.74,0.0
2023-07-09 13:30:00,28.9,41.41,0.0
2023-07-09 13:35:00,29.15,39.88,0.0
2023-07-09 13:40:00,29.27,39.74,0.0
2023-07-09 13:45:00,29.38,38.19,0.0
2023-07-09 13:50:00,29.2,37.94,0.0
2023-07-09 13:55:00,28.99,37.82,0.0
2023-07-09 14:00:00,28.76,37.84,0.0
2023-07-09 14:05:00,28.59,38.11,0.0
2023-07-09 14:10:00,28.47,37.84,0.0
2023-07-09 14:15:00,28.4,37.81,0.0
2023-07-09 14:20:00,28.4,38.46,0.0
2023-07-09 14:25:00,28.57,37.9,0.0
2023-07-09 14:30:00,28.82,37.64,0.0
2023-07-09 14:35:00,28.9,36.85,0.0
2023-07-09 14:40:00,28.79,37.36,0.0
2023-07-09 14:45:00,28.89,36.9,0.0
2023-07-09 14:50:00,29.06,37.06,0.0
2023-07-09 14:55:00,29.1,35.93,0.0
2023-07-09 15:00:00,29.06,35.64,0.0
2023-07-09 15:05:00,29.18,36.74,0.0
2023-07-09 15:10:00,29.42,36.14,0.0
2023-07-09 15:15:00,29.58,35.64,0.0
2023-07-09 15:20:00,29.69,37.06,0.0
2023-07-09 15:25:00,29.77,38.36,0.0
2023-07-09 15:30:00,29.8,38.4,0.0
2023-07-09 15:35:00,29.88,37.97,0.0
2023-07-09 15:40:00,30.18,38.67,0.0
2023-07-09 15:45:00,30.32,37.81,0.0
2023-07-09 15:50:00,30.4,37.62,0.0
2023-07-09 15:55:00,30.43,37.99,0.0
2023-07-09 16:00:00,30.48,38.58,0.0
2023-07-09 16:05:00,30.43,39.38,0.0
2023-07-09 16:10:00,30.5,38.98,0.0
2023-07-09 16:15:00,30.5,39.26,0.0
2023-07-09 16:20:00,30.33,39.66,0.0
2023-07-09 16:25:00,30.35,39.55,0.0
2023-07-09 16:30:00,30.21,39.75,0.0
2023-07-09 16:35:00,30.01,39.82,0.0
2023-07-09 16:40:00,30.07,40.29,0.0
2023-07-09 16:45:00,30.1,40.51,0.0
2023-07-09 16:50:00,30.24,40.63,0.0
2023-07-09 16:55:00,30.37,39.32,0.0
2023-07-09 17:00:00,30.39,39.33,0.0
2023-07-09 17:05:00,30.4,39.95,0.0
2023-07-09 17:10:00,30.48,39.57,0.0
2023-07-09 17:15:00,30.58,38.96,0.0
2023-07-09 17:20:00,30.66,38.12,0.0
2023-07-09 17:25:00,30.58,37.97,0.0
2023-07-09 17:30:00,30.5,38.75,0.0
2023-07-09 17:35:00,30.46,38.45,0.0
2023-07-09 17:40:00,30.43,38.52,0.0
2023-07-09 17:45:00,30.48,38.73,0.0
2023-07-09 17:50:00,30.44,38.2,0.0
2023-07-09 17:55:00,30.36,38.24,0.0
2023-07-09 18:00:00,30.31,38.56,0.0
2023-07-09 18:05:00,30.29,38.21,0.0
2023-07-09 18:10:00,30.06,37.88,0.0
2023-07-09 18:15:00,29.87,37.64,0.0
2023-07-09 18:20:00,29.61,37.82,0.0
2023-07-09 18:25:00,29.41,38.52,0.0
2023-07-09 18:30:00,29.5,38.72,0.0
2023-07-09 18:35:00,29.54,39.65,0.0
2023-07-09 18:40:00,29.63,39.84,0.0
2023-07-09 18:45:00,29.77,39.28,0.0
2023-07-09 18:50:00,29.77,38.83,0.0
2023-07-09 18:55:00,29.68,40.41,0.0
2023-07-09 19:00:00,29.67,41.32,0.0
2023-07-09 19:05:00,29.77,41.3,0.0
2023-07-09 19:10:00,29.75,42.15,0.0
2023-07-09 19:15:00,29.95,42.0,0.0
2023-07-09 19:20:00,30.08,41.68,0.0
2023-07-09 19:25:00,30.2,41.54,0.0
2023-07-09 19:30:00,30.0,41.55,0.0
2023-07-09 19:35:00,29.99,41.44,0.0
2023-07-09 19:40:00,29.83,41.66,0.0
2023-07-09 19:45:00,29.77,41.85,0.0
2023-07-09 19:50:00,29.81,41.79,0.0
2023-07-09 19:55:00,29.74,42.01,0.0
2023-07-09 20:00:00,29.69,42.35,0.0
2023-07-09 20:05:00,29.7,42.41,0.0
2023-07-09 20:10:00,29.6,42.37,0.0
2023-07-09 20:15:00,29.51,42.77,0.0
2023-07-09 20:20:00,29.5,42.94,0.0
2023-07-09 20:25:00,29.37,43.56,0.0
2023-07-09 20:30:00,29.28,44.06,0.0
2023-07-09 20:35:00,29.13,44.49,0.0
2023-07-09 20:40:00,28.91,44.97,0.0
2023-07-09 20:45:00,28.77,44.98,0.0
2023-07-09 20:50:00,28.68,44.91,0.0
2023-07-09 20:55:00,28.52,45.12,1.25
2023-07-09 21:00:00,28.54,44.82,1.54
2023-07-09 21:05:00,28.73,44.14,1.55
2023-07-09 21:10:00,29.02,43.16,1.54
2023-07-09 21:15:00,29.25,42.26,1.52
2023-07-09 21:20:00,29.57,41.54,1.54
2023-07-09 21:25:00,29.87,40.78,0.33
2023-07-09 21:30:00,29.99,40.56,0.0
2023-07-09 21:35:00,30.0,40.59,0.0
2023-07-09 21:40:00,29.96,40.54,0.0
2023-07-09 21:45:00,29.73,40.84,0.0
2023-07-09 21:50:00,29.59,40.81,0.8
2023-07-09 21:55:00,29.48,40.21,1.55
2023-07-09 22:00:00,29.5,39.66,1.56
2023-07-09 22:05:00,29.7,39.36,1.56
2023-07-09 22:10:00,29.94,38.98,1.24
2023-07-09 22:15:00,30.22,38.44,0.0
2023-07-09 22:20:00,30.36,38.12,0.0
2023-07-09 22:25:00,30.33,37.86,0.0
2023-07-09 22:30:00,30.3,38.1,0.0
2023-07-09 22:35:00,30.3,38.38,0.0
2023-07-09 22:40:00,30.29,38.57,0.0
2023-07-09 22:45:00,30.22,38.44,0.0
2023-07-09 22:50:00,30.06,38.42,0.34
2023-07-09 22:55:00,29.84,38.35,1.56
2023-07-09 23:00:00,29.81,38.49,1.57
2023-07-09 23:05:00,29.99,38.24,1.57
2023-07-09 23:10:00,30.24,37.86,0.85
2023-07-09 23:15:00,30.4,37.78,0.0
2023-07-09 23:20:00,30.43,37.68,0.0
2023-07-09 23:25:00,30.32,37.85,0.0
2023-07-09 23:30:00,30.21,38.05,0.0
2023-07-09 23:35:00,30.14,38.1,0.0
2023-07-09 23:40:00,30.0,38.14,0.0
2023-07-09 23:45:00,29.88,38.11,0.49
2023-07-09 23:50:00,29.69,38.02,1.59
2023-07-09 23:55:00,29.65,38.11,1.57
